Strain_ID	ENA/SRA_ID	Bioproject	Run Accession Number	Isolation year	Country	Source	Source Group	Source Subgroup	Sample	Geographic Region	MLST_ST	Clonal_complex	porA allele	Antimicrobial resistance profile (genotype)	Minimum spanning tree (Figure 3)	Minimum spanning tree (Figure 4)	Source Group clean	Included in Figure 4	Figure 4 cluster clean	Cluster 21 member
DK-1	campy20_1	PRJEB58624	ERR10702873	2020	Denmark	Human	Human	Human	Faeces	-	10042	ST-828 complex	35	GyrA:p.T86I;tet(O/32/O);blaOXA-61;blaOXA-61 promotor:-57G>T;porA(35)	-	cluster_20	Human	Yes	cluster_20	No
DK-2	campy20_2	PRJEB58624	ERR10702984	2020	Denmark	Human	Human	Human	Faeces	-	10042	ST-828 complex	35	GyrA:p.T86I;tet(O/32/O);blaOXA-61;blaOXA-61 promotor:-57G>T;porA(35)	-	cluster_20	Human	Yes	cluster_20	No
DK-3	campy20_3	PRJEB58624	ERR10703095	2020	Denmark	Human	Human	Human	Faeces	-	10042	ST-828 complex	35	GyrA:p.T86I;tet(O/32/O);blaOXA-61;blaOXA-61 promotor:-57G>T;porA(35)	-	cluster_20	Human	Yes	cluster_20	No
DK-4	2108T26507	PRJNA1427394	SRR37344399	2021	Denmark	Human	Human	Human	Faeces	-	10042	ST-828 complex	35	GyrA:p.T86I;tet(O/32/O);blaOXA-61;blaOXA-61 promotor:-57G>T;porA(35)	-	cluster_20	Human	Yes	cluster_20	No
DK-5	2108W18844	PRJNA1427394	SRR37344398	2021	Denmark	Human	Human	Human	Faeces	-	10042	ST-828 complex	35	GyrA:p.T86I;tet(O/32/O);blaOXA-61;blaOXA-61 promotor:-57G>T;porA(35)	-	cluster_20	Human	Yes	cluster_20	No
DK-6	2303F5060	PRJNA1427394	SRR37344397	2023	Denmark	Human	Human	Human	Faeces	-	10042	ST-828 complex	35	GyrA:p.T86I;tet(O/32/O);blaOXA-61;blaOXA-61 promotor:-57G>T;porA(35)	-	singleton_31	Human	Yes	singleton_31	No
DK-7	2303S56933	PRJNA1427394	SRR37344396	2023	Denmark	Human	Human	Human	Faeces	-	10042	ST-828 complex	35	GyrA:p.T86I;tet(O/32/O);blaOXA-61;blaOXA-61 promotor:-57G>T;porA(35)	-	cluster_13	Human	Yes	cluster_13	No
DK-8	2303W27182	PRJNA1427394	SRR37344395	2023	Denmark	Human	Human	Human	Faeces	-	10042	ST-828 complex	35	GyrA:p.T86I;tet(O/32/O);blaOXA-61;blaOXA-61 promotor:-57G>T;porA(35)	-	cluster_13	Human	Yes	cluster_13	No
DK-9	2509F30566	PRJNA1363081	SRR37048677	2025	Denmark	Human	Human	Human	Faeces	-	10042	ST-828 complex	35	GyrA:p.T86I;tet(O/32/O);blaOXA-61;blaOXA-61 promotor:-57G>T;porA(35)	-	singleton_76	Human	Yes	singleton_76	No
FR-1	FR-1	ERR16782028	ERR16782028	2020	France	Human	Human	Human	Faeces	-	10042	ST-828 complex	35	GyrA:p.T86I;tet(O/32/O);blaOXA-61;blaOXA-61 promotor:-57G>T;porA(35)	-	cluster_23	Human	Yes	cluster_23	No
FR-2	FR-2	PRJEB109289	ERR16782026	2020	France	Human	Human	Human	Faeces	-	10042	ST-828 complex	35	GyrA:p.T86I;tet(O/32/O);blaOXA-61;blaOXA-61 promotor:-57G>T;porA(35)	-	cluster_20	Human	Yes	cluster_20	No
FR-3	FR-3	PRJEB109289	ERR16782023	2021	France	Human	Human	Human	Faeces	-	10042	ST-828 complex	35	GyrA:p.T86I;tet(O/32/O);blaOXA-61;blaOXA-61 promotor:-57G>T;porA(35)	-	singleton_9	Human	Yes	singleton_9	No
FR-4	FR-4	PRJEB109289	ERR16782007	2022	France	Human	Human	Human	Faeces	-	10042	ST-828 complex	35	GyrA:p.T86I;tet(O/32/O);blaOXA-61;blaOXA-61 promotor:-57G>T;porA(35)	-	singleton_74	Human	Yes	singleton_74	No
FR-5	FR-5	PRJEB109289	ERR16782092	2023	France	Human	Human	Human	Faeces	-	10042	ST-828 complex	35	GyrA:p.T86I;tet(O/32/O);23S_rRNA: c.2074A>G;blaOXA-61;blaOXA-61 promotor:-57G>T;porA(35)	-	singleton_69	Human	Yes	singleton_69	No
FR-6	FR-6	PRJEB109289	ERR16782070	2024	France	Human	Human	Human	Faeces	-	10042	ST-828 complex	35	GyrA:p.T86I;tet(O/32/O);blaOXA-61;blaOXA-61 promotor:-57G>T;porA(35)	-	singleton_55	Human	Yes	singleton_55	No
FR-7	FR-7	PRJEB109289	ERR16782089	2024	France	Human	Human	Human	Faeces	-	10042	ST-828 complex	35	GyrA:p.T86I;tet(O/32/O);blaOXA-61;blaOXA-61 promotor:-57G>T;porA(35)	-	singleton_41	Human	Yes	singleton_41	No
FR-8	FR-8	PRJEB109289	ERR16782056	2024	France	Human	Human	Human	Faeces	-	10042	ST-828 complex	35	GyrA:p.T86I;tet(O/32/O);blaOXA-61;blaOXA-61 promotor:-57G>T;porA(35)	-	singleton_78	Human	Yes	singleton_78	No
FR-9	FR-9	PRJEB109289	ERR16782006	2025	France	Human	Human	Human	Faeces	-	10042	ST-828 complex	35	GyrA:p.T86I;tet(O/32/O);blaOXA-61;blaOXA-61 promotor:-57G>T;porA(35)	-	cluster_19	Human	Yes	cluster_19	No
FR-10	FR-10	PRJEB109289	ERR16782086	2025	France	Human	Human	Human	Faeces	-	10042	ST-828 complex	35	GyrA:p.T86I;tet(O);blaOXA-61;porA(35)	-	-	Human	No	-	No
FR-11	FR-11	PRJEB109289	ERR16782038	2025	France	Human	Human	Human	Faeces	-	10042	ST-828 complex	35	GyrA:p.T86I;tet(O/32/O);blaOXA-61;blaOXA-61 promotor:-57G>T;porA(35)	-	singleton_67	Human	Yes	singleton_67	No
FR-12	FR-12	PRJEB109289	ERR16782009	2025	France	Human	Human	Human	Blood	-	10042	ST-828 complex	35	GyrA:p.T86I;tet(O/32/O);blaOXA-61;blaOXA-61 promotor:-57G>T;porA(35)	-	singleton_61	Human	Yes	singleton_61	No
DE-1	DE-1	PRJEB109289	ERR16782025	2019	Germany	Human	Human	Human	Faeces	-	10042	ST-828 complex	35	GyrA:p.T86I;tet(O/32/O);blaOXA-61;blaOXA-61 promotor:-57G>T;porA(35)	-	cluster_20	Human	Yes	cluster_20	No
DE-2	DE-2	PRJEB109289	ERR16782054	2020	Germany	Human	Human	Human	Faeces	-	10042	ST-828 complex	35	GyrA:p.T86I;tet(O/32/O);blaOXA-61;blaOXA-61 promotor:-57G>T;porA(35)	-	singleton_37	Human	Yes	singleton_37	No
DE-3	DE-3	PRJEB109289	ERR16782062	2020	Germany	Human	Human	Human	Faeces	-	10042	ST-828 complex	35	GyrA:p.T86I;tet(O/32/O);blaOXA-61;blaOXA-61 promotor:-57G>T;porA(35)	-	cluster_20	Human	Yes	cluster_20	No
DE-4	DE-4	PRJEB109289	ERR16782051	2020	Germany	Human	Human	Human	Faeces	-	10042	ST-828 complex	35	GyrA:p.T86I;tet(O/32/O);blaOXA-61;blaOXA-61 promotor:-57G>T;porA(35)	-	singleton_75	Human	Yes	singleton_75	No
DE-5	DE-5	PRJEB109289	ERR16782049	2020	Germany	Human	Human	Human	Faeces	-	10042	ST-828 complex	35	GyrA:p.T86I;tet(O/32/O);23S_rRNA: c.2075A>G;blaOXA-61;blaOXA-61 promotor:-57G>T;porA(35)	-	cluster_20	Human	Yes	cluster_20	No
DE-6	DE-6	PRJEB109289	ERR16782066	2020	Germany	Human	Human	Human	Faeces	-	10042	ST-828 complex	35	GyrA:p.T86I;tet(O/32/O);blaOXA-61;blaOXA-61 promotor:-57G>T;porA(35)	-	cluster_20	Human	Yes	cluster_20	No
DE-7	DE-7	PRJEB109289	ERR16782075	2020	Germany	Human	Human	Human	Faeces	-	10042	ST-828 complex	35	GyrA:p.T86I;tet(O/32/O);23S_rRNA: c.2075A>G;blaOXA-61;blaOXA-61 promotor:-57G>T;porA(35)	-	cluster_20	Human	Yes	cluster_20	No
DE-8	DE-8	PRJEB109289	ERR16782091	2020	Germany	Human	Human	Human	Faeces	-	10042	ST-828 complex	35	GyrA:p.T86I;tet(O/32/O);blaOXA-61;blaOXA-61 promotor:-57G>T;porA(35)	-	cluster_20	Human	Yes	cluster_20	No
DE-9	DE-9	PRJEB109289	ERR16782064	2020	Germany	Human	Human	Human	Faeces	-	10042	ST-828 complex	35	GyrA:p.T86I;tet(O/32/O);blaOXA-61;blaOXA-61 promotor:-57G>T;porA(35)	-	cluster_16	Human	Yes	cluster_16	No
DE-10	DE-10	PRJEB109289	ERR16782079	2020	Germany	Human	Human	Human	Faeces	-	10042	ST-828 complex	35	GyrA:p.T86I;tet(O/32/O);blaOXA-61;blaOXA-61 promotor:-57G>T;porA(35)	-	cluster_20	Human	Yes	cluster_20	No
DE-11	DE-11	PRJEB109289	ERR16782069	2021	Germany	Human	Human	Human	Faeces	-	10042	ST-828 complex	35	GyrA:p.T86I;tet(O/32/O);blaOXA-61;blaOXA-61 promotor:-57G>T;porA(35)	-	singleton_8	Human	Yes	singleton_8	No
DE-12	DE-12	PRJEB109289	ERR16782017	2021	Germany	Human	Human	Human	Faeces	-	10042	ST-828 complex	35	GyrA:p.T86I;tet(O/32/O);blaOXA-61;blaOXA-61 promotor:-57G>T;porA(35)	-	cluster_21	Human	Yes	cluster_21	Yes
DE-13	DE-13	PRJEB109289	ERR16782058	2021	Germany	Human	Human	Human	Faeces	-	10042	ST-828 complex	35	GyrA:p.T86I;tet(O/32/O);blaOXA-61;blaOXA-61 promotor:-57G>T;porA(35)	-	singleton_5	Human	Yes	singleton_5	No
DE-14	DE-14	PRJEB109289	ERR16782088	2021	Germany	Human	Human	Human	Faeces	-	10042	ST-828 complex	35	GyrA:p.T86I;tet(O/32/O);blaOXA-61;blaOXA-61 promotor:-57G>T;porA(35)	-	cluster_21	Human	Yes	cluster_21	Yes
DE-15	DE-15	PRJEB109289	ERR16782013	2021	Germany	Human	Human	Human	Faeces	-	10042	ST-828 complex	35	GyrA:p.T86I;tet(O/32/O);blaOXA-61;blaOXA-61 promotor:-57G>T;porA(35)	-	cluster_20	Human	Yes	cluster_20	No
DE-16	DE-16	PRJEB109289	ERR16782076	2021	Germany	Human	Human	Human	Faeces	-	10042	ST-828 complex	35	GyrA:p.T86I;tet(O/32/O);blaOXA-61;blaOXA-61 promotor:-57G>T;porA(35)	-	cluster_20	Human	Yes	cluster_20	No
DE-17	DE-17	PRJEB109289	ERR16782039	2021	Germany	Human	Human	Human	Faeces	-	10042	ST-828 complex	35	GyrA:p.T86I;tet(O/32/O);blaOXA-61;blaOXA-61 promotor:-57G>T;porA(35)	-	singleton_72	Human	Yes	singleton_72	No
DE-18	DE-18	PRJEB109289	ERR16782024	2022	Germany	Human	Human	Human	Faeces	-	10042	ST-828 complex	35	GyrA:p.T86I;tet(O/32/O);23S_rRNA: c.2075A>G;blaOXA-61;blaOXA-61 promotor:-57G>T;porA(35)	-	singleton_1	Human	Yes	singleton_1	No
DE-19	DE-19	PRJEB109289	ERR16782050	2022	Germany	Human	Human	Human	Faeces	-	10042	ST-828 complex	35	GyrA:p.T86I;tet(O/32/O);blaOXA-61;blaOXA-61 promotor:-57G>T;porA(35)	-	singleton_33	Human	Yes	singleton_33	No
DE-20	DE-20	PRJEB109289	ERR16782063	2023	Germany	Human	Human	Human	Faeces	-	10042	ST-828 complex	35	GyrA:p.T86I;tet(O/32/O);blaOXA-61;blaOXA-61 promotor:-57G>T;porA(35)	-	cluster_12	Human	Yes	cluster_12	No
DE-21	DE-21	PRJEB109289	ERR16782032	2023	Germany	Human	Human	Human	Faeces	-	10042	ST-828 complex	35	GyrA:p.T86I;tet(O/32/O);blaOXA-61;blaOXA-61 promotor:-57G>T;porA(35)	-	cluster_27	Human	Yes	cluster_27	No
DE-22	DE-22	PRJEB109289	ERR16782077	2023	Germany	Human	Human	Human	Faeces	-	10042	ST-828 complex	35	GyrA:p.T86I;tet(O/32/O);blaOXA-61;blaOXA-61 promotor:-57G>T;porA(35)	-	singleton_80	Human	Yes	singleton_80	No
DE-23	DE-23	PRJEB109289	ERR16782010	2023	Germany	Human	Human	Human	Faeces	-	10042	ST-828 complex	35	GyrA:p.T86I;tet(O/32/O);blaOXA-61;blaOXA-61 promotor:-57G>T;porA(35)	-	cluster_2	Human	Yes	cluster_2	No
DE-24	DE-24	PRJEB109289	ERR16782002	2023	Germany	Human	Human	Human	Faeces	-	10042	ST-828 complex	35	GyrA:p.T86I;tet(O/32/O);blaOXA-61;blaOXA-61 promotor:-57G>T;porA(35)	-	cluster_2	Human	Yes	cluster_2	No
DE-25	DE-25	PRJEB109289	ERR16782078	2023	Germany	Human	Human	Human	Faeces	-	10042	ST-828 complex	35	GyrA:p.T86I;tet(O/32/O);blaOXA-61;blaOXA-61 promotor:-57G>T;porA(35)	-	cluster_12	Human	Yes	cluster_12	No
DE-26	DE-26	PRJEB109289	ERR16782053	2024	Germany	Human	Human	Human	Faeces	-	10042	ST-828 complex	35	GyrA:p.T86I;tet(O/32/O);blaOXA-61;blaOXA-61 promotor:-57G>T;porA(35)	-	singleton_57	Human	Yes	singleton_57	No
DE-27	DE-27	PRJEB109289	ERR16782081	2024	Germany	Human	Human	Human	Faeces	-	10042	ST-828 complex	35	GyrA:p.T86I;tet(O/32/O);blaOXA-61;blaOXA-61 promotor:-57G>T;porA(35)	-	singleton_49	Human	Yes	singleton_49	No
DE-28	DE-28	PRJEB109289	ERR16782057	2024	Germany	Human	Human	Human	Faeces	-	10042	ST-828 complex	35	GyrA:p.T86I;tet(O/32/O);blaOXA-61;blaOXA-61 promotor:-57G>T;porA(35)	-	singleton_53	Human	Yes	singleton_53	No
DE-29	DE-29	PRJEB109289	ERR16782016	2025	Germany	Human	Human	Human	Faeces	-	10042	ST-828 complex	35	GyrA:p.T86I;tet(O/32/O);blaOXA-61;blaOXA-61 promotor:-57G>T;porA(35)	-	singleton_52	Human	Yes	singleton_52	No
DE-30	DE-30	PRJEB109289	ERR16782029	2025	Germany	Human	Human	Human	Faeces	-	10042	ST-828 complex	35	GyrA:p.T86I;tet(O/32/O);blaOXA-61;blaOXA-61 promotor:-57G>T;porA(35)	-	-	Human	No	-	No
IE-1	IE-1	PRJEB109289	ERR16782036	2019	Ireland	Human	Human	Human	Faeces	-	10042	ST-828 complex	35	GyrA:p.T86I;tet(O/32/O);blaOXA-61;blaOXA-61 promotor:-57G>T;porA(35)	-	cluster_21	Human	Yes	cluster_21	Yes
IE-2	IE-2	PRJEB109289	ERR16782022	2021	Ireland	Human	Human	Human	Faeces	-	10042	ST-828 complex	35	GyrA:p.T86I;tet(O/32/O);blaOXA-61;blaOXA-61 promotor:-57G>T;porA(35)	-	cluster_15	Human	Yes	cluster_15	No
IE-3	IE-3	PRJEB109289	ERR16782033	2022	Ireland	Human	Human	Human	Faeces	-	10042	ST-828 complex	35	GyrA:p.T86I;tet(O/32/O);blaOXA-61;blaOXA-61 promotor:-57G>T;porA(35)	-	cluster_15	Human	Yes	cluster_15	No
IE-4	IE-4	PRJEB109289	ERR16782005	2022	Ireland	Human	Human	Human	Faeces	-	10042	ST-828 complex	35	GyrA:p.T86I;tet(O/32/O);blaOXA-61;blaOXA-61 promotor:-57G>T;porA(35)	-	cluster_15	Human	Yes	cluster_15	No
IE-5	IE-5	PRJEB109289	ERR16782068	2022	Ireland	Human	Human	Human	Faeces	-	10042	ST-828 complex	35	GyrA:p.T86I;tet(O/32/O);blaOXA-61;blaOXA-61 promotor:-57G>T;porA(35)	-	cluster_15	Human	Yes	cluster_15	No
IE-6	IE-6	PRJEB109289	ERR16782074	2022	Ireland	Human	Human	Human	Faeces	-	10042	ST-828 complex	35	GyrA:p.T86I;tet(O/32/O);blaOXA-61;blaOXA-61 promotor:-57G>T;porA(35)	-	cluster_15	Human	Yes	cluster_15	No
IE-7	IE-7	PRJEB109289	ERR16782084	2022	Ireland	Human	Human	Human	Faeces	-	10042	ST-828 complex	35	GyrA:p.T86I;tet(O/32/O);blaOXA-61;blaOXA-61 promotor:-57G>T;porA(35)	-	cluster_15	Human	Yes	cluster_15	No
IE-8	IE-8	PRJEB109289	ERR16782065	2022	Ireland	Human	Human	Human	Faeces	-	10042	ST-828 complex	35	GyrA:p.T86I;tet(O/32/O);blaOXA-61;blaOXA-61 promotor:-57G>T;porA(35)	-	cluster_15	Human	Yes	cluster_15	No
IE-9	IE-9	PRJEB109289	ERR16782003	2022	Ireland	Human	Human	Human	Faeces	-	10042	ST-828 complex	35	GyrA:p.T86I;tet(O/32/O);blaOXA-61;blaOXA-61 promotor:-57G>T;porA(35)	-	cluster_15	Human	Yes	cluster_15	No
IE-10	IE-10	PRJEB109289	ERR16782043	2022	Ireland	Human	Human	Human	Faeces	-	10042	ST-828 complex	35	GyrA:p.T86I;tet(O/32/O);blaOXA-61;blaOXA-61 promotor:-57G>T;porA(35)	-	cluster_15	Human	Yes	cluster_15	No
IE-11	W18S9	PRJNA1011226	SRR25886405	2022	Ireland	Animal	Livestock	Poultry_Chicken	Liver	-	10042	ST-828 complex	35	GyrA:p.T86I;tet(O/32/O);blaOXA-61;blaOXA-61 promotor:-57G>T;porA(35)	-	cluster_15	Livestock	Yes	cluster_15	No
IE-12	IE-12	PRJEB109289	ERR16782061	2024	Ireland	Human	Human	Human	Faeces	-	10042	ST-828 complex	35	GyrA:p.T86I;tet(O/32/O);blaOXA-61;blaOXA-61 promotor:-57G>T;porA(35)	-	singleton_27	Human	Yes	singleton_27	No
IE-13	IE-13	PRJEB109289	ERR16782020	2024	Ireland	Animal	Livestock	Poultry_Chicken	Liver	-	10042	ST-828 complex	35	GyrA:p.T86I;tet(O/32/O);blaOXA-61;blaOXA-61 promotor:-57G>T;porA(35)	-	singleton_45	Livestock	Yes	singleton_45	No
LU-1	LU-1	PRJEB109289	ERR16782040	2018	Luxembourg	Human 	Human 	Human	Faeces	-	10042	ST-828 complex	35	GyrA:p.T86I;tet(O/32/O);blaOXA-61;blaOXA-61 promotor:-57G>T;porA(35)	-	cluster_21	Human	Yes	cluster_21	Yes
LU-2	LU-2	PRJEB109289	ERR16782094	2019	Luxembourg	Animal	Livestock	Cattle	Faeces	-	10042	ST-828 complex	35	GyrA:p.T86I;tet(O/32/O);blaOXA-61;blaOXA-61 promotor:-57G>T;porA(35)	-	cluster_21	Livestock	Yes	cluster_21	Yes
LU-3	LU-3	PRJEB109289	ERR16782042	2019	Luxembourg	Food	Food	Pork_and_Poultry	Cordon_bleue	-	10042	ST-828 complex	35	GyrA:p.T86I;tet(O/32/O);blaOXA-61;blaOXA-61 promotor:-57G>T;porA(35)	-	cluster_21	Food	Yes	cluster_21	Yes
LU-4	LU-4	PRJEB109289	ERR16782015	2019	Luxembourg	Human	Human	Human	Faeces	-	10042	ST-828 complex	35	GyrA:p.T86I;tet(O/32/O);blaOXA-61;blaOXA-61 promotor:-57G>T;porA(35)	-	cluster_21	Human	Yes	cluster_21	Yes
LU-5	LU-5	PRJEB109289	ERR16782093	2020	Luxembourg	Food	Food	Poultry_Chicken	Chicken_drumstick	-	10042	ST-828 complex	35	GyrA:p.T86I;tet(O/32/O);blaOXA-61;blaOXA-61 promotor:-57G>T;porA(35)	-	cluster_23	Food	Yes	cluster_23	No
LU-6	LU-6	PRJEB109289	ERR16782052	2020	Luxembourg	Food	Food	Poultry_Chicken	Chicken_drumstick	-	10042	ST-828 complex	35	GyrA:p.T86I;tet(O/32/O);blaOXA-61;blaOXA-61 promotor:-57G>T;porA(35)	-	cluster_21	Food	Yes	cluster_21	Yes
LU-7	LU-7	PRJEB109289	ERR16782018	2020	Luxembourg	Food	Food	Poultry_Chicken	Raw_chicken_wings 	-	10042	ST-828 complex	35	GyrA:p.T86I;tet(O/32/O);23S_rRNA: c.2074A>C;blaOXA-61;blaOXA-61 promotor:-57G>T;porA(35)	-	cluster_21	Food	Yes	cluster_21	Yes
LU-8	LU-8	PRJEB109289	ERR16782067	2020	Luxembourg	Human	Human	Human	Faeces	-	10042	ST-828 complex	35	GyrA:p.T86I;tet(O/32/O);blaOXA-61;blaOXA-61 promotor:-57G>T;porA(35)	-	cluster_21	Human	Yes	cluster_21	Yes
LU-9	LU-9	PRJEB109289	ERR16782014	2020	Luxembourg	Human	Human	Human	Faeces	-	10042	ST-828 complex	35	GyrA:p.T86I;tet(O/32/O);blaOXA-61;blaOXA-61 promotor:-57G>T;porA(35)	-	cluster_21	Human	Yes	cluster_21	Yes
LU-10	LU-10	PRJEB109289	ERR16782072	2020	Luxembourg	Human	Human	Human	Faeces	-	10042	ST-828 complex	35	GyrA:p.T86I;tet(O/32/O);blaOXA-61;blaOXA-61 promotor:-57G>T;porA(35)	-	singleton_15	Human	Yes	singleton_15	No
LU-11	W080-190421-05	PRJEB75211	ERR12953206	2021	Luxembourg	Environment	Environment	Surface_freshwater	Water	-	10042	ST-828 complex	35	GyrA:p.T86I;tet(O/32/O);blaOXA-61;blaOXA-61 promotor:-57G>T;porA(35);aadE;aad9	-	singleton_68	Environment	Yes	singleton_68	No
LU-12	LU-12	PRJEB109289	ERR16782021	2021	Luxembourg	Human	Human	Human	Faeces	-	10042	ST-828 complex	35	GyrA:p.T86I;tet(O/32/O);blaOXA-61;blaOXA-61 promotor:-57G>T;porA(35)	-	cluster_21	Human	Yes	cluster_21	Yes
LU-13	LU-13	PRJEB109289	ERR16782045	2021	Luxembourg	Human	Human	Human	Faeces	-	10042	ST-828 complex	35	GyrA:p.T86I;tet(O/32/O);blaOXA-61;blaOXA-61 promotor:-57G>T;porA(35)	-	cluster_21	Human	Yes	cluster_21	Yes
LU-14	LU-14	PRJEB109289	ERR16782090	2021	Luxembourg	Human	Human	Human	Faeces	-	10042	ST-828 complex	35	GyrA:p.T86I;tet(O/32/O);blaOXA-61;blaOXA-61 promotor:-57G>T;porA(35)	-	singleton_19	Human	Yes	singleton_19	No
LU-15	LU-15	PRJEB109289	ERR16782037	2022	Luxembourg	Animal	Livestock	Poultry	Caecum	-	10042	ST-828 complex	35	GyrA:p.T86I;tet(O/32/O);blaOXA-61;blaOXA-61 promotor:-57G>T;porA(35)	-	singleton_34	Livestock	Yes	singleton_34	No
LU-16	LU-16	PRJEB109289	ERR16782059	2022	Luxembourg	Food	Food	Poultry_Chicken	Raw_chicken_wings 	-	10042	ST-828 complex	35	GyrA:p.T86I;tet(O/32/O);blaOXA-61;blaOXA-61 promotor:-57G>T;porA(35)	-	singleton_77	Food	Yes	singleton_77	No
LU-17	LU-17	PRJEB109289	ERR16782080	2022	Luxembourg	Human	Human	Human	Faeces	-	10042	ST-828 complex	35	GyrA:p.T86I;tet(O/32/O);blaOXA-61;blaOXA-61 promotor:-57G>T;porA(35)	-	cluster_6	Human	Yes	cluster_6	No
LU-18	LU-18	PRJEB109289	ERR16782047	2022	Luxembourg	Human	Human	Human	Faeces	-	10042	ST-828 complex	35	GyrA:p.T86I;tet(O/32/O);blaOXA-61;blaOXA-61 promotor:-57G>T;porA(35)	-	cluster_21	Human	Yes	cluster_21	Yes
LU-19	LU-19	PRJEB109289	ERR16782082	2022	Luxembourg	Human	Human	Human	Faeces	-	10042	ST-828 complex	914	GyrA:p.T86I;tet(O/32/O);blaOXA-61;blaOXA-61 promotor:-57G>T;porA(914)-	-	singleton_62	Human	Yes	singleton_62	No
LU-20	LU-20	PRJEB109289	ERR16782011	2022	Luxembourg	Human	Human	Human	Faeces	-	10042	ST-828 complex	35	GyrA:p.T86I;tet(O/32/O);blaOXA-61;blaOXA-61 promotor:-57G>T;porA(35)	-	singleton_17	Human	Yes	singleton_17	No
LU-21	LU-21	PRJEB109289	ERR16782027	2023	Luxembourg	Human	Human	Human	Faeces	-	10042	ST-828 complex	35	GyrA:p.T86I;tet(O/32/O);blaOXA-61;blaOXA-61 promotor:-57G>T;porA(35)	-	cluster_10	Human	Yes	cluster_10	No
LU-22	LU-22	PRJEB109289	ERR16782044	2023	Luxembourg	Human	Human	Human	Faeces	-	10042	ST-828 complex	35	GyrA:p.T86I;tet(O/32/O);blaOXA-61;blaOXA-61 promotor:-57G>T;porA(35)	-	cluster_10	Human	Yes	cluster_10	No
LU-23	LU-23	PRJEB109289	ERR16782008	2024	Luxembourg	Human	Human	Human	Faeces	-	10042	ST-828 complex	35	GyrA:p.T86I;tet(O/32/O);blaOXA-61;blaOXA-61 promotor:-57G>T;porA(35)	-	singleton_28	Human	Yes	singleton_28	No
LU-24	LU-24	PRJEB109289	ERR16782046	2024	Luxembourg	Human	Human	Human	Faeces	-	10042	ST-828 complex	35	GyrA:p.T86I;tet(O/32/O);blaOXA-61;blaOXA-61 promotor:-57G>T;porA(35)	-	singleton_22	Human	Yes	singleton_22	No
LU-25	LU-25	PRJEB109289	ERR16782055	2024	Luxembourg	Human	Human	Human	Faeces	-	10042	ST-828 complex	35	GyrA:p.T86I;tet(O/32/O);blaOXA-61;blaOXA-61 promotor:-57G>T;porA(35)	-	cluster_24	Human	Yes	cluster_24	No
LU-26	LU-26	PRJEB109289	ERR16782041	2024	Luxembourg	Human	Human	Human	Faeces	-	10042	ST-828 complex	35	GyrA:p.T86I;tet(O/32/O);blaOXA-61;blaOXA-61 promotor:-57G>T;porA(35)	-	-	Human	No	-	No
LU-27	LU-27	PRJEB109289	ERR16782004	2025	Luxembourg	Human	Human	Human	Faeces	-	10042	ST-828 complex	35	GyrA:p.T86I;tet(O/32/O);blaOXA-61;blaOXA-61 promotor:-57G>T;porA(35)	-	singleton_20	Human	Yes	singleton_20	No
LU-28	LU-28	PRJEB109289	ERR16782031	2025	Luxembourg	Human	Human	Human	Faeces	-	10042	ST-828 complex	35	GyrA:p.T86I;tet(O/32/O);blaOXA-61;blaOXA-61 promotor:-57G>T;porA(35)	-	singleton_50	Human	Yes	singleton_50	No
LU-29	LU-29	PRJEB109289	ERR16782085	2025	Luxembourg	Human	Human	Human	Faeces	-	10042	ST-828 complex	35	GyrA:p.T86I;tet(O/32/O);blaOXA-61;blaOXA-61 promotor:-57G>T;porA(35)	-	singleton_25	Human	Yes	singleton_25	No
PT-1	Cc_INSADISC_172	PRJEB46733	ERR10372339	2020	Portugal	Environment	Environment	Surface_freshwater	Water	-	10042	ST-828 complex	35	GyrA:p.T86I;tet(O/32/O);blaOXA-61;blaOXA-61 promotor:-57G>T;porA(35)	cluster_14	cluster_22	Environment	Yes	cluster_22	No
PT-2	Cc_INSADISC_147	PRJEB46733	ERR10372438	2020	Portugal	Human	Human	Human	Faeces	-	10042	ST-828 complex	35	GyrA:p.T86I;tet(O/32/O);blaOXA-61;blaOXA-61 promotor:-57G>T;porA(35)	cluster_14	cluster_22	Human	Yes	cluster_22	No
PT-3	PT-3	PRJEB109289	ERR16782312	2021	Portugal	Animal	Livestock	Cattle	Caecum	-	10042	ST-828 complex	35	GyrA:p.T86I;tet(O/32/O);blaOXA-61;blaOXA-61 promotor:-57G>T;porA(35)	cluster_13	cluster_21	Livestock	Yes	cluster_21	Yes
PT-4	PT-4	PRJEB109289	ERR16782313	2021	Portugal	Food	Food	Poultry_Chicken	Meat	-	10042	ST-828 complex	35	GyrA:p.T86I;tet(O/32/O);blaOXA-61;blaOXA-61 promotor:-57G>T;porA(35)	cluster_13	cluster_21	Food	Yes	cluster_21	Yes
PT-5	PT_CC00353	PRJEB46733	ERR16768222	2021	Portugal	Human	Human	Human	Faeces	North	10042	ST-828 complex	35	GyrA:p.T86I;tet(O/32/O);blaOXA-61;blaOXA-61 promotor:-57G>T;porA(35)	cluster_13	cluster_21	Human	Yes	cluster_21	Yes
PT-6	Cc_INSADISC_195	PRJEB46733	ERR10372452	2021	Portugal	Human	Human	Human	Faeces	X	10042	ST-828 complex	35	GyrA:p.T86I;tet(O/32/O);blaOXA-61;blaOXA-61 promotor:-57G>T;porA(35)	singleton_23	singleton_46	Human	Yes	singleton_46	No
PT-7	Cc_INSADISC_187	PRJEB46733	ERR10372476	2021	Portugal	Human	Human	Human	Faeces	X	10042	ST-828 complex	35	GyrA:p.T86I;tet(O/32/O);23S_rRNA: c.2075A>G;blaOXA-61;blaOXA-61 promotor:-57G>T;porA(35)	cluster_13	cluster_21	Human	Yes	cluster_21	Yes
PT-8	PT_CC00354	PRJEB46733	ERR16768215	2021	Portugal	Human	Human	Human	Faeces	Metropolitan Lisbon Area	10042	ST-828 complex	35	GyrA:p.T86I;tet(O/32/O);blaOXA-61;blaOXA-61 promotor:-57G>T;porA(35)	cluster_13	cluster_21	Human	Yes	cluster_21	Yes
PT-9	PT_CC00355	PRJEB46733	ERR16768225	2021	Portugal	Human	Human	Human	Faeces	North	10042	ST-828 complex	35	GyrA:p.T86I;tet(O/32/O);blaOXA-61;blaOXA-61 promotor:-57G>T;porA(35)	cluster_13	cluster_21	Human	Yes	cluster_21	Yes
PT-10	PT-10	PRJEB109289	ERR16782310	2022	Portugal	Animal	Livestock	Poultry_Chicken	Caecum	-	10042	ST-828 complex	35	GyrA:p.T86I;tet(O/32/O);blaOXA-61;blaOXA-61 promotor:-57G>T;porA(35)	cluster_13	cluster_21	Livestock	Yes	cluster_21	Yes
PT-11	PT-11	PRJEB109289	ERR16782308	2022	Portugal	Animal	Livestock	Poultry_Chicken	Caecum	-	10042	ST-828 complex	35	GyrA:p.T86I;tet(O/32/O);blaOXA-61;blaOXA-61 promotor:-57G>T;porA(35)	cluster_13	cluster_21	Livestock	Yes	cluster_21	Yes
PT-12	PT-12	PRJEB109289	ERR16782311	2022	Portugal	Animal	Livestock	Poultry_Turkey	Caecum	-	10042	ST-828 complex	35	GyrA:p.T86I;tet(O/32/O);blaOXA-61;blaOXA-61 promotor:-57G>T;porA(35)	cluster_13	cluster_21	Livestock	Yes	cluster_21	Yes
PT-13	PT-13	PRJEB109289	ERR16782309	2022	Portugal	Animal	Livestock	Poultry_Turkey	Caecum	-	10042	ST-828 complex	35	GyrA:p.T86I;tet(O/32/O);blaOXA-61;blaOXA-61 promotor:-57G>T;porA(35)	cluster_13	cluster_21	Livestock	Yes	cluster_21	Yes
PT-14	PT_CC00356	PRJEB46733	ERR16768219	2022	Portugal	Environment	Environment	Surface_freshwater	Water	-	10042	ST-828 complex	35	GyrA:p.T86I;tet(O/32/O);blaOXA-61;blaOXA-61 promotor:-57G>T;porA(35)	singleton_24	cluster_6	Environment	Yes	cluster_6	No
PT-15	PT_CC00076	PRJEB46733	ERR14097764	2022	Portugal	Human	Human	Human	Faeces	Centre	10042	ST-828 complex	35	GyrA:p.T86I;tet(O/32/O);blaOXA-61;blaOXA-61 promotor:-57G>T;porA(35)	cluster_13	cluster_21	Human	Yes	cluster_21	Yes
PT-16	PT_CC00064	PRJEB46733	ERR14098410	2022	Portugal	Human	Human	Human	Faeces	North	10042	ST-828 complex	35	GyrA:p.T86I;tet(O/32/O);blaOXA-61;blaOXA-61 promotor:-57G>T;porA(35)	singleton_4	singleton_7	Human	Yes	singleton_7	No
PT-17	PT_CC00018	PRJEB46733	ERR14097758	2022	Portugal	Human	Human	Human	Faeces	Centre	10042	ST-828 complex	35	GyrA:p.T86I;tet(O/32/O);blaOXA-61;blaOXA-61 promotor:-57G>T;porA(35)	cluster_13	cluster_21	Human	Yes	cluster_21	Yes
PT-18	PT_CC00358	PRJEB46733	ERR16768195	2022	Portugal	Human	Human	Human	Faeces	Metropolitan Lisbon Area	10042	ST-828 complex	35	GyrA:p.T86I;tet(O/32/O);blaOXA-61;blaOXA-61 promotor:-57G>T;porA(35)	cluster_13	cluster_21	Human	Yes	cluster_21	Yes
PT-19	PT_CC00361	PRJEB46733	ERR16768183	2022	Portugal	Human	Human	Human	Faeces	North	10042	ST-828 complex	35	GyrA:p.T86I;tet(O/32/O);blaOXA-61;blaOXA-61 promotor:-57G>T;porA(35)	cluster_13	cluster_21	Human	Yes	cluster_21	Yes
PT-20	PT_CC00077	PRJEB46733	ERR14098459	2022	Portugal	Human	Human	Human	Faeces	North	10042	ST-828 complex	35	GyrA:p.T86I;tet(O/32/O);blaOXA-61;blaOXA-61 promotor:-57G>T;porA(35)	singleton_29	singleton_38	Human	Yes	singleton_38	No
PT-21	PT_CC00083	PRJEB46733	ERR14097755	2022	Portugal	Human	Human	Human	Faeces	North	10042	ST-828 complex	35	GyrA:p.T86I;tet(O/32/O);blaOXA-61;blaOXA-61 promotor:-57G>T;porA(35)	singleton_31	singleton_63	Human	Yes	singleton_63	No
PT-22	PT_CC00008	PRJEB46733	ERR14097780	2022	Portugal	Human	Human	Human	Faeces	North	10042	ST-828 complex	35	GyrA:p.T86I;tet(O/32/O);blaOXA-61;blaOXA-61 promotor:-57G>T;porA(35)	cluster_13	cluster_21	Human	Yes	cluster_21	Yes
PT-23	PT_CC00033	PRJEB46733	ERR14097782	2022	Portugal	Human	Human	Human	Faeces	Centre	10042	ST-828 complex	35	GyrA:p.T86I;tet(O/32/O);blaOXA-61;blaOXA-61 promotor:-57G>T;porA(35)	singleton_19	singleton_11	Human	Yes	singleton_11	No
PT-24	PT_CC00042	PRJEB46733	ERR14097719	2022	Portugal	Human	Human	Human	Faeces	Centre	10042	ST-828 complex	35	GyrA:p.T86I;tet(O/32/O);blaOXA-61;blaOXA-61 promotor:-57G>T;porA(35)	cluster_13	cluster_21	Human	Yes	cluster_21	Yes
PT-25	PT_CC00046	PRJEB46733	ERR14097732	2022	Portugal	Human	Human	Human	Faeces	Centre	10042	ST-828 complex	35	GyrA:p.T86I;tet(O/32/O);blaOXA-61;blaOXA-61 promotor:-57G>T;porA(35)	cluster_4	cluster_4	Human	Yes	cluster_4	No
PT-26	PT_CC00005	PRJEB46733	ERR14097730	2022	Portugal	Human	Human	Human	Faeces	North	10042	ST-828 complex	35	GyrA:p.T86I;tet(O/32/O);blaOXA-61;blaOXA-61 promotor:-57G>T;porA(35)	cluster_13	cluster_21	Human	Yes	cluster_21	Yes
PT-27	PT_CC00056	PRJEB46733	ERR14097688	2022	Portugal	Human	Human	Human	Faeces	Metropolitan Lisbon Area	10042	ST-828 complex	35	GyrA:p.T86I;tet(O/32/O);blaOXA-61;blaOXA-61 promotor:-57G>T;porA(35)	singleton_18	singleton_35	Human	Yes	singleton_35	No
PT-28	PT_CC00078	PRJEB46733	ERR14098402	2022	Portugal	Human	Human	Human	Faeces	North	10042	ST-828 complex	35	GyrA:p.T86I;tet(O/32/O);23S_rRNA: c.2075A>G;blaOXA-61;blaOXA-61 promotor:-57G>T;porA(35)	singleton_38	singleton_71	Human	Yes	singleton_71	No
PT-29	PT_CC00059	PRJEB46733	ERR14097723	2022	Portugal	Human	Human	Human	Faeces	Metropolitan Lisbon Area	10042	ST-828 complex	35	GyrA:p.T86I;tet(O/32/O);blaOXA-61;blaOXA-61 promotor:-57G>T;porA(35)	cluster_4	cluster_4	Human	Yes	cluster_4	No
PT-30	PT_CC00057	PRJEB46733	ERR14097696	2022	Portugal	Human	Human	Human	Faeces	Metropolitan Lisbon Area	10042	ST-828 complex	35	GyrA:p.T86I;tet(O/32/O);blaOXA-61;blaOXA-61 promotor:-57G>T;porA(35)	cluster_13	cluster_21	Human	Yes	cluster_21	Yes
PT-31	PT_CC00062	PRJEB46733	ERR14098470	2022	Portugal	Human	Human	Human	Faeces	Metropolitan Lisbon Area	10042	ST-828 complex	35	GyrA:p.T86I;tet(O/32/O);blaOXA-61;blaOXA-61 promotor:-57G>T;porA(35)	cluster_13	singleton_13	Human	Yes	singleton_13	No
PT-32	PT_CC00002	PRJEB46733	ERR14097792	2022	Portugal	Human	Human	Human	Faeces	North	10042	ST-828 complex	35	GyrA:p.T86I;tet(O/32/O);blaOXA-61;blaOXA-61 promotor:-57G>T;porA(35)	cluster_13	cluster_21	Human	Yes	cluster_21	Yes
PT-33	PT_CC00021	PRJEB46733	ERR14097743	2022	Portugal	Human	Human	Human	Faeces	Metropolitan Lisbon Area	10042	ST-828 complex	1006	GyrA:p.T86I;tet(O/32/O);blaOXA-61;blaOXA-61 promotor:-57G>T;porA(1006)	cluster_13	cluster_21	Human	Yes	cluster_21	Yes
PT-34	PT_CC00045	PRJEB46733	ERR14097736	2022	Portugal	Human	Human	Human	Faeces	Metropolitan Lisbon Area	10042	ST-828 complex	35	GyrA:p.T86I;tet(O/32/O);blaOXA-61;blaOXA-61 promotor:-57G>T;porA(35)	singleton_28	singleton_51	Human	Yes	singleton_51	No
PT-35	PT_CC00009	PRJEB46733	ERR14097776	2022	Portugal	Human	Human	Human	Faeces	Metropolitan Lisbon Area	10042	ST-828 complex	35	GyrA:p.T86I;tet(O/32/O);blaOXA-61;blaOXA-61 promotor:-57G>T;porA(35)	singleton_20	cluster_6	Human	Yes	cluster_6	No
PT-36	PT_CC00034	PRJEB46733	ERR14097742	2022	Portugal	Human	Human	Human	Faeces	Metropolitan Lisbon Area	10042	ST-828 complex	35	GyrA:p.T86I;tet(O/32/O);blaOXA-61;blaOXA-61 promotor:-57G>T;porA(35)	cluster_13	cluster_21	Human	Yes	cluster_21	Yes
PT-37	PT_CC00082	PRJEB46733	ERR14097773	2022	Portugal	Human	Human	Human	Faeces	North	10042	ST-828 complex	35	GyrA:p.T86I;tet(O/32/O);blaOXA-61;blaOXA-61 promotor:-57G>T;porA(35)	cluster_13	cluster_21	Human	Yes	cluster_21	Yes
PT-38	PT_CC00032	PRJEB46733	ERR14097756	2022	Portugal	Human	Human	Human	Faeces	Metropolitan Lisbon Area	10042	ST-828 complex	35	GyrA:p.T86I;tet(O/32/O);blaOXA-61;blaOXA-61 promotor:-57G>T;porA(35)	singleton_25	singleton_36	Human	Yes	singleton_36	No
PT-39	PT_CC00022	PRJEB46733	ERR14097752	2022	Portugal	Human	Human	Human	Faeces	Metropolitan Lisbon Area	10042	ST-828 complex	35	GyrA:p.T86I;tet(O/32/O);blaOXA-61;blaOXA-61 promotor:-57G>T;porA(35)	singleton_5	cluster_6	Human	Yes	cluster_6	No
PT-40	PT_CC00360	PRJEB46733	ERR16768218	2023	Portugal	Animal	Pet 	Dog	Faeces	-	10042	ST-828 complex	35	GyrA:p.T86I;tet(O/32/O);blaOXA-61;blaOXA-61 promotor:-57G>T;porA(35)	cluster_12	cluster_19	Pet	Yes	cluster_19	No
PT-41	PT_CC0001FMV	PRJEB77053	ERR16753194	2023	Portugal	Food	Food	Poultry_Chicken	Meat	-	10042	ST-828 complex	35	GyrA:p.T86I;tet(O/32/O);blaOXA-61;blaOXA-61 promotor:-57G>T;porA(35)	singleton_8	singleton_16	Food	Yes	singleton_16	No
PT-42	PT_CC0002FMV	PRJEB77053	ERR16753193	2023	Portugal	Food	Food	Poultry_Chicken	Meat	-	10042	ST-828 complex	35	GyrA:p.T86I;tet(O/32/O);blaOXA-61;blaOXA-61 promotor:-57G>T;porA(35)	cluster_13	cluster_21	Food	Yes	cluster_21	Yes
PT-43	PT_CC0003FMV	PRJEB77053	ERR16753192	2023	Portugal	Food	Food	Poultry_Chicken	Meat	-	10042	ST-828 complex	35	GyrA:p.T86I;tet(O/32/O);blaOXA-61;blaOXA-61 promotor:-57G>T;porA(35)	cluster_10	cluster_17	Food	Yes	cluster_17	No
PT-44	PT_CC0004FMV	PRJEB77053	ERR16753197	2023	Portugal	Food	Food	Poultry_Chicken	Meat	-	10042	ST-828 complex	35	GyrA:p.T86I;tet(O/32/O);blaOXA-61;blaOXA-61 promotor:-57G>T;porA(35)	singleton_9	cluster_24	Food	Yes	cluster_24	No
PT-45	PT_CC00130	PRJEB46733	ERR14098448	2023	Portugal	Human	Human	Human	Faeces	Metropolitan Lisbon Area	10042	ST-828 complex	35	GyrA:p.T86I;tet(O/32/O);blaOXA-61;blaOXA-61 promotor:-57G>T;porA(35)	cluster_9	cluster_14	Human	Yes	cluster_14	No
PT-46	PT_CC00115	PRJEB46733	ERR14098411	2023	Portugal	Human	Human	Human	Faeces	Metropolitan Lisbon Area	10042	ST-828 complex	35	GyrA:p.T86I;tet(O/32/O);blaOXA-61;blaOXA-61 promotor:-57G>T;porA(35)	cluster_8	cluster_11	Human	Yes	cluster_11	No
PT-47	PT_CC00102	PRJEB46733	ERR14097695	2023	Portugal	Human	Human	Human	Faeces	Metropolitan Lisbon Area	10042	ST-828 complex	35	GyrA:p.T86I;tet(O/32/O);blaOXA-61;blaOXA-61 promotor:-57G>T;porA(35)	cluster_9	cluster_14	Human	Yes	cluster_14	No
PT-48	PT_CC00168	PRJEB46733	ERR14097754	2023	Portugal	Human	Human	Human	Faeces	Metropolitan Lisbon Area	10042	ST-828 complex	35	GyrA:p.T86I;tet(O/32/O);blaOXA-61;blaOXA-61 promotor:-57G>T;porA(35)	cluster_10	cluster_17	Human	Yes	cluster_17	No
PT-49	PT_CC00118	PRJEB46733	ERR14098431	2023	Portugal	Human	Human	Human	Faeces	Centre	10042	ST-828 complex	35	GyrA:p.T86I;tet(O/32/O);blaOXA-61;blaOXA-61 promotor:-57G>T;porA(35)	cluster_13	cluster_21	Human	Yes	cluster_21	Yes
PT-50	PT_CC00111	PRJEB46733	ERR14098422	2023	Portugal	Human	Human	Human	Faeces	Centre	10042	ST-828 complex	35	GyrA:p.T86I;tet(O/32/O);blaOXA-61;blaOXA-61 promotor:-57G>T;porA(35)	cluster_8	cluster_11	Human	Yes	cluster_11	No
PT-51	PT_CC00145	PRJEB46733	ERR14098426	2023	Portugal	Human	Human	Human	Faeces	Metropolitan Lisbon Area	10042	ST-828 complex	35	GyrA:p.T86I;tet(O/32/O);blaOXA-61;blaOXA-61 promotor:-57G>T;porA(35)	cluster_13	cluster_21	Human	Yes	cluster_21	Yes
PT-52	PT_CC00105	PRJEB46733	ERR14098406	2023	Portugal	Human	Human	Human	Faeces	Metropolitan Lisbon Area	10042	ST-828 complex	35	GyrA:p.T86I;tet(O/32/O);blaOXA-61;blaOXA-61 promotor:-57G>T;porA(35)	cluster_8	cluster_11	Human	Yes	cluster_11	No
PT-53	PT_CC00109	PRJEB46733	ERR14098404	2023	Portugal	Human	Human	Human	Faeces	Metropolitan Lisbon Area	10042	ST-828 complex	35	GyrA:p.T86I;tet(O/32/O);blaOXA-61;blaOXA-61 promotor:-57G>T;porA(35)	cluster_8	cluster_11	Human	Yes	cluster_11	No
PT-54	PT_CC00136	PRJEB46733	ERR14098427	2023	Portugal	Human	Human	Human	Faeces	Centre	10042	ST-828 complex	35	GyrA:p.T86I;tet(O/32/O);blaOXA-61;blaOXA-61 promotor:-57G>T;porA(35)	cluster_14	cluster_22	Human	Yes	cluster_22	No
PT-55	PT_CC00116	PRJEB46733	ERR14098407	2023	Portugal	Human	Human	Human	Faeces	North	10042	ST-828 complex	35	GyrA:p.T86I;tet(O/32/O);blaOXA-61;blaOXA-61 promotor:-57G>T;porA(35)	cluster_13	cluster_21	Human	Yes	cluster_21	Yes
PT-56	PT_CC0005FMV	PRJEB77053	ERR16753191	2024	Portugal	Food	Food	Poultry_Chicken	Meat	-	10042	ST-828 complex	35	GyrA:p.T86I;tet(O/32/O);blaOXA-61;blaOXA-61 promotor:-57G>T;porA(35)	singleton_3	singleton_6	Food	Yes	singleton_6	No
PT-57	PT_CC0006FMV	PRJEB77053	ERR16753195	2024	Portugal	Food	Food	Poultry_Chicken	Meat	-	10042	ST-828 complex	35	GyrA:p.T86I;tet(O/32/O);blaOXA-61;blaOXA-61 promotor:-57G>T;porA(35)	cluster_13	cluster_21	Food	Yes	cluster_21	Yes
PT-58	PT_CC0007FMV	PRJEB77053	ERR16753190	2024	Portugal	Food	Food	Poultry_Chicken	Meat	-	10042	ST-828 complex	35	GyrA:p.T86I;tet(O/32/O);blaOXA-61;blaOXA-61 promotor:-57G>T;porA(35)	singleton_14	singleton_30	Food	Yes	singleton_30	No
PT-59	PT_CC0008FMV	PRJEB77053	ERR16753196	2024	Portugal	Food	Food	Poultry_Chicken	Meat	-	10042	ST-828 complex	35	GyrA:p.T86I;tet(O/32/O);blaOXA-61;blaOXA-61 promotor:-57G>T;porA(35)	cluster_16	cluster_26	Food	Yes	cluster_26	No
PT-60	PT_CC0009FMV	PRJEB77053	ERR16768662	2024	Portugal	Food	Food	Poultry_Turkey	Meat	-	10042	ST-828 complex	35	GyrA:p.T86I;tet(O/32/O);blaOXA-61;blaOXA-61 promotor:-57G>T;porA(35)	cluster_2	cluster_3	Food	Yes	cluster_3	No
PT-61	PT_CC0010FMV	PRJEB77053	ERR16768663	2024	Portugal	Food	Food	Poultry_Turkey	Meat	-	10042	ST-828 complex	35	GyrA:p.T86I;tet(O/32/O);blaOXA-61;blaOXA-61 promotor:-57G>T;porA(35)	cluster_2	cluster_3	Food	Yes	cluster_3	No
PT-62	PT_CC00357	PRJEB46733	ERR16768210	2024	Portugal	Human	Human	Human	Faeces	Metropolitan Lisbon Area	10042	ST-828 complex	35	GyrA:p.T86I;tet(O/32/O);blaOXA-61;blaOXA-61 promotor:-57G>T;porA(35);aph(3')-IIIa	cluster_3	cluster_8	Human	Yes	cluster_8	No
PT-63	PT_CC00179	PRJEB46733	ERR14097727	2024	Portugal	Human	Human	Human	Faeces	Centre	10042	ST-828 complex	35	GyrA:p.T86I;tet(O/32/O);blaOXA-61;blaOXA-61 promotor:-57G>T;porA(35)	cluster_12	cluster_19	Human	Yes	cluster_19	No
PT-64	PT_CC00214	PRJEB46733	ERR16768206	2024	Portugal	Human	Human	Human	Faeces	Centre	10042	ST-828 complex	35	GyrA:p.T86I;tet(O/32/O);blaOXA-61;blaOXA-61 promotor:-57G>T;porA(35)	cluster_6	cluster_7	Human	Yes	cluster_7	No
PT-65	PT_CC00230	PRJEB46733	ERR16768216	2024	Portugal	Human	Human	Human	Faeces	Centre	10042	ST-828 complex	35	GyrA:p.T86I;tet(O/32/O);blaOXA-61;blaOXA-61 promotor:-57G>T;porA(35)	singleton_32	singleton_65	Human	Yes	singleton_65	No
PT-66	PT_CC00171	PRJEB46733	ERR14097769	2024	Portugal	Human	Human	Human	Faeces	Centre	10042	ST-828 complex	35	GyrA:p.T86I;tet(O/32/O);blaOXA-61;blaOXA-61 promotor:-57G>T;porA(35)	cluster_5	cluster_5	Human	Yes	cluster_5	No
PT-67	PT_CC00225	PRJEB46733	ERR16768211	2024	Portugal	Human	Human	Human	Faeces	Centre	10042	ST-828 complex	35	GyrA:p.T86I;tet(O/32/O);blaOXA-61;blaOXA-61 promotor:-57G>T;porA(35)	singleton_36	singleton_14	Human	Yes	singleton_14	No
PT-68	PT_CC00163	PRJEB46733	ERR14097714	2024	Portugal	Human	Human	Human	Faeces	Metropolitan Lisbon Area	10042	ST-828 complex	35	GyrA:p.T86I;tet(O/32/O);blaOXA-61;blaOXA-61 promotor:-57G>T;porA(35)	singleton_6	singleton_10	Human	Yes	singleton_10	No
PT-69	PT_CC00200	PRJEB46733	ERR16768223	2024	Portugal	Human	Human	Human	Faeces	Centre	10042	ST-828 complex	35	GyrA:p.T86I;tet(O/32/O);blaOXA-61;blaOXA-61 promotor:-57G>T;porA(35)	cluster_6	cluster_7	Human	Yes	cluster_7	No
PT-70	PT_CC00217	PRJEB46733	ERR16768198	2024	Portugal	Human	Human	Human	Faeces	Metropolitan Lisbon Area	10042	ST-828 complex	35	GyrA:p.T86I;tet(O/32/O);blaOXA-61;blaOXA-61 promotor:-57G>T;porA(35)	singleton_7	singleton_12	Human	Yes	singleton_12	No
PT-71	PT_CC00195	PRJEB46733	ERR16768182	2024	Portugal	Human	Human	Human	Faeces	North	10042	ST-828 complex	35	GyrA:p.T86I;tet(O/32/O);blaOXA-61;blaOXA-61 promotor:-57G>T;porA(35)	cluster_5	cluster_5	Human	Yes	cluster_5	No
PT-72	PT_CC00196	PRJEB46733	ERR16768188	2024	Portugal	Human	Human	Human	Faeces	North	10042	ST-828 complex	35	GyrA:p.T86I;tet(O/32/O);blaOXA-61;blaOXA-61 promotor:-57G>T;porA(35)	cluster_5	cluster_5	Human	Yes	cluster_5	No
PT-73	PT_CC00209	PRJEB46733	ERR16768184	2024	Portugal	Human	Human	Human	Faeces	Centre	10042	ST-828 complex	35	GyrA:p.T86I;tet(O/32/O);blaOXA-61;blaOXA-61 promotor:-57G>T;porA(35)	singleton_1	singleton_3	Human	Yes	singleton_3	No
PT-74	PT_CC00346	PRJEB46733	ERR16768209	2024	Portugal	Human	Human	Human	Faeces	North	10042	ST-828 complex	35	GyrA:p.T86I;tet(O/32/O);blaOXA-61;blaOXA-61 promotor:-57G>T;porA(35)	cluster_11	cluster_18	Human	Yes	cluster_18	No
PT-75	PT_CC00222	PRJEB46733	ERR16768201	2024	Portugal	Human	Human	Human	Faeces	Centre	10042	ST-828 complex	35	GyrA:p.T86I;tet(O/32/O);blaOXA-61;blaOXA-61 promotor:-57G>T;porA(35)	cluster_16	cluster_26	Human	Yes	cluster_26	No
PT-76	PT_CC00282	PRJEB46733	ERR16768197	2025	Portugal	Human	Human	Human	Faeces	Centre	10042	ST-828 complex	35	GyrA:p.T86I;tet(O/32/O);blaOXA-61;blaOXA-61 promotor:-57G>T;porA(35)	singleton_10	singleton_23	Human	Yes	singleton_23	No
PT-77	PT_CC00270	PRJEB46733	ERR16768190	2025	Portugal	Human	Human	Human	Faeces	North	10042	ST-828 complex	35	GyrA:p.T86I;tet(O/32/O);blaOXA-61;blaOXA-61 promotor:-57G>T;porA(35)	singleton_2	singleton_4	Human	Yes	singleton_4	No
PT-78	PT_CC00265	PRJEB46733	ERR16768196	2025	Portugal	Human	Human	Human	Faeces	Metropolitan Lisbon Area	10042	ST-828 complex	35	GyrA:p.T86I;tet(O/32/O);blaOXA-61;blaOXA-61 promotor:-57G>T;porA(35)	cluster_3	cluster_8	Human	Yes	cluster_8	No
PT-79	PT_CC00274	PRJEB46733	ERR16768214	2025	Portugal	Human	Human	Human	Faeces	Centre	10042	ST-828 complex	35	GyrA:p.T86I;tet(O/32/O);blaOXA-61;blaOXA-61 promotor:-57G>T;porA(35)	singleton_21	singleton_40	Human	Yes	singleton_40	No
PT-80	PT_CC00262	PRJEB46733	ERR16768193	2025	Portugal	Human	Human	Human	Faeces	Centre	10042	ST-828 complex	4736	GyrA:p.T86I;tet(O/32/O);blaOXA-61;blaOXA-61 promotor:-57G>T;porA(35)	singleton_22	singleton_44	Human	Yes	singleton_44	No
PT-81	PT_CC00291	PRJEB46733	ERR16768202	2025	Portugal	Human	Human	Human	Faeces	North	10042	ST-828 complex	35	GyrA:p.T86I;tet(O/32/O);blaOXA-61;blaOXA-61 promotor:-57G>T;porA(35)	cluster_11	cluster_18	Human	Yes	cluster_18	No
PT-82	PT_CC00288	PRJEB46733	ERR16768187	2025	Portugal	Human	Human	Human	Faeces	Metropolitan Lisbon Area	10042	ST-828 complex	35	GyrA:p.T86I;tet(O/32/O);blaOXA-61;blaOXA-61 promotor:-57G>T;porA(35)	singleton_35	singleton_26	Human	Yes	singleton_26	No
PT-83	PT_CC00271	PRJEB46733	ERR16768220	2025	Portugal	Human	Human	Human	Faeces	Metropolitan Lisbon Area	10042	ST-828 complex	35	GyrA:p.T86I;tet(O/32/O);blaOXA-61;blaOXA-61 promotor:-57G>T;porA(35)	singleton_27	singleton_48	Human	Yes	singleton_48	No
PT-84	PT_CC00249	PRJEB46733	ERR16768221	2025	Portugal	Human	Human	Human	Faeces	Metropolitan Lisbon Area	10042	ST-828 complex	35	GyrA:p.T86I;tet(O/32/O);blaOXA-61;blaOXA-61 promotor:-57G>T;porA(35)	singleton_17	singleton_32	Human	Yes	singleton_32	No
PT-85	PT_CC00256	PRJEB46733	ERR16768213	2025	Portugal	Human	Human	Human	Faeces	Centre	10042	ST-828 complex	1512	GyrA:p.T86I;tet(O/32/O);blaOXA-61;blaOXA-61 promotor:-57G>T;porA(1512)	singleton_33	singleton_66	Human	Yes	singleton_66	No
PT-86	PT_CC00272	PRJEB46733	ERR16768185	2025	Portugal	Human	Human	Human	Faeces	Metropolitan Lisbon Area	10042	ST-828 complex	35	GyrA:p.T86I;tet(O/32/O);blaOXA-61;blaOXA-61 promotor:-57G>T;delA-69;porA(35)	singleton_40	singleton_79	Human	Yes	singleton_79	No
PT-87	PT_CC00280	PRJEB46733	ERR16768203	2025	Portugal	Human	Human	Human	Faeces	Centre	10042	ST-828 complex	35	GyrA:p.T86I;tet(O/32/O);blaOXA-61;blaOXA-61 promotor:-57G>T;porA(35)	singleton_15	singleton_21	Human	Yes	singleton_21	No
PT-88	PT_CC00258	PRJEB46733	ERR16768208	2025	Portugal	Human	Human	Human	Faeces	Centre	10042	ST-828 complex	35	GyrA:p.T86I;tet(O/32/O);blaOXA-61;blaOXA-61 promotor:-57G>T;porA(35)	singleton_12	singleton_39	Human	Yes	singleton_39	No
PT-89	PT_CC00263	PRJEB46733	ERR16768200	2025	Portugal	Human	Human	Human	Faeces	Centre	10042	ST-828 complex	35	GyrA:p.T86I;tet(O/32/O);blaOXA-61;blaOXA-61 promotor:-57G>T;porA(35)	singleton_30	singleton_59	Human	Yes	singleton_59	No
PT-90	PT_CC00290	PRJEB46733	ERR16768194	2025	Portugal	Human	Human	Human	Faeces	Metropolitan Lisbon Area	10042	ST-828 complex	35	GyrA:p.T86I;tet(O/32/O);blaOXA-61;blaOXA-61 promotor:-57G>T;porA(35)	singleton_11	singleton_24	Human	Yes	singleton_24	No
PT-91	PT_CC00268	PRJEB46733	ERR16768224	2025	Portugal	Human	Human	Human	Faeces	Metropolitan Lisbon Area	10042	ST-828 complex	35	GyrA:p.T86I;tet(O/32/O);blaOXA-61;blaOXA-61 promotor:-57G>T;porA(35)	cluster_15	cluster_25	Human	Yes	cluster_25	No
PT-92	PT_CC00284	PRJEB46733	ERR16768199	2025	Portugal	Human	Human	Human	Faeces	North	10042	ST-828 complex	35	GyrA:p.T86I;tet(O/32/O);blaOXA-61;blaOXA-61 promotor:-57G>T;porA(35)	singleton_16	singleton_56	Human	Yes	singleton_56	No
PT-93	PT_CC00261	PRJEB46733	ERR16768212	2025	Portugal	Human	Human	Human	Faeces	North	10042	ST-828 complex	1512	GyrA:p.T86I;tet(O/32/O);blaOXA-61;blaOXA-61 promotor:-57G>T;porA(1512)	singleton_34	singleton_58	Human	Yes	singleton_58	No
PT-94	PT_CC00309	PRJEB46733	ERR16768186	2025	Portugal	Human	Human	Human	Faeces	North	10042	ST-828 complex	35	GyrA:p.T86I;tet(O/32/O);blaOXA-61;blaOXA-61 promotor:-57G>T;porA(35)	singleton_26	singleton_47	Human	Yes	singleton_47	No
PT-95	PT_CC00310	PRJEB46733	ERR16768207	2025	Portugal	Human	Human	Human	Faeces	North	10042	ST-828 complex	35	GyrA:p.T86I;tet(O/32/O);blaOXA-61;blaOXA-61 promotor:-57G>T;porA(35)	singleton_13	singleton_29	Human	Yes	singleton_29	No
PT-96	PT_CC00312	PRJEB46733	ERR16768217	2025	Portugal	Human	Human	Human	Faeces	North	10042	ST-828 complex	35	GyrA:p.T86I;tet(O);blaOXA-61;blaOXA-61 promotor:-57G>T;ant(6)-Ia;porA(35)	cluster_1	cluster_1	Human	Yes	cluster_1	No
PT-97	PT_CC00322	PRJEB46733	ERR16768205	2025	Portugal	Human	Human	Human	Faeces	North	10042	ST-828 complex	35	GyrA:p.T86I;tet(O/32/O);blaOXA-61;blaOXA-61 promotor:-57G>T;porA(35)	singleton_39	singleton_73	Human	Yes	singleton_73	No
PT-98	PT_CC00324	PRJEB46733	ERR16768189	2025	Portugal	Human	Human	Human	Faeces	North	10042	ST-828 complex	35	GyrA:p.T86I;tet(O/32/O);blaOXA-61;blaOXA-61 promotor:-57G>T;porA(35)	cluster_7	cluster_9	Human	Yes	cluster_9	No
PT-99	PT_CC00325	PRJEB46733	ERR16768181	2025	Portugal	Human	Human	Human	Faeces	North	10042	ST-828 complex	35	GyrA:p.T86I;tet(O/32/O);blaOXA-61;blaOXA-61 promotor:-57G>T;porA(35)	cluster_7	cluster_9	Human	Yes	cluster_9	No
PT-100	PT_CC00327	PRJEB46733	ERR16768226	2025	Portugal	Human	Human	Human	Faeces	Centre	10042	ST-828 complex	35	GyrA:p.T86I;tet(O);blaOXA-61;blaOXA-61 promotor:-57G>T;ant(6)-Ia;porA(35)	cluster_1	cluster_1	Human	Yes	cluster_1	No
PT-101	PT_CC00332	PRJEB46733	ERR16768228	2025	Portugal	Human	Human	Human	Faeces	Centre	10042	ST-828 complex	35	GyrA:p.T86I;tet(O/32/O);blaOXA-61;blaOXA-61 promotor:-57G>T;porA(35)	singleton_37	singleton_70	Human	Yes	singleton_70	No
PT-102	PT_CC00338	PRJEB46733	ERR16768227	2025	Portugal	Human	Human	Human	Faeces	Centre	10042	ST-828 complex	35	GyrA:p.T86I;tet(O/32/O);blaOXA-61;blaOXA-61 promotor:-57G>T;porA(35)	cluster_15	cluster_25	Human	Yes	cluster_25	No
PT-103	PT_CC00340	PRJEB46733	ERR16768192	2025	Portugal	Human	Human	Human	Faeces	Centre	10042	ST-828 complex	35	GyrA:p.T86I;tet(O);blaOXA-61;blaOXA-61 promotor:-57G>T;ant(6)-Ia;porA(35)	cluster_1	cluster_1	Human	Yes	cluster_1	No
PT-104	PT_CC00352	PRJEB46733	ERR16768204	2025	Portugal	Human	Human	Human	Faeces	North	10042	ST-828 complex	35	GyrA:p.T86I;tet(O/32/O);blaOXA-61;blaOXA-61 promotor:-57G>T;porA(35)	singleton_41	singleton_81	Human	Yes	singleton_81	No
ES-1	cjeju23_97	PRJNA1088320	SRR31589120	2023	Spain	Human	Human	Human	Faeces	-	10042	ST-828 complex	35	GyrA:p.T86I;tet(O/32/O);blaOXA-61;blaOXA-61 promotor:-57G>T;porA(35)	-	cluster_21	Human	Yes	cluster_21	Yes
NL-1	NL-1	PRJEB109289	ERR16782073	2022	The Netherlands	Human	Human	Human	Faeces	-	10042	ST-828 complex	35	GyrA:p.T86I;tet(O/32/O);blaOXA-61;blaOXA-61 promotor:-57G>T;porA(35)	-	singleton_2	Human	Yes	singleton_2	No
NL-2	NL-2	PRJEB109289	ERR16782035	2023	The Netherlands	Human	Human	Human	Faeces	-	10042	ST-828 complex	35	GyrA:p.T86I;tet(O/32/O);blaOXA-61;blaOXA-61 promotor:-57G>T;porA(35)	-	cluster_27	Human	Yes	cluster_27	No
NL-3	NL-3	PRJEB109289	ERR16782095	2023	The Netherlands	Human	Human	Human	Faeces	-	10042	ST-828 complex	35	GyrA:p.T86I;tet(O/32/O);blaOXA-61;blaOXA-61 promotor:-57G>T;porA(35)	-	cluster_27	Human	Yes	cluster_27	No
NL-4	NL-4	PRJEB109289	ERR16782083	2024	The Netherlands	Human	Human	Human	Faeces	-	10042	ST-828 complex	35	GyrA:p.T86I;tet(O/32/O);blaOXA-61;blaOXA-61 promotor:-57G>T;porA(35)	-	cluster_28	Human	Yes	cluster_28	No
NL-5	NL-5	PRJEB109289	ERR16782030	2024	The Netherlands	Human	Human	Human	Faeces	-	10042	ST-828 complex	35	GyrA:p.T86I;tet(O/32/O);blaOXA-61;blaOXA-61 promotor:-57G>T;porA(35)	-	cluster_28	Human	Yes	cluster_28	No
NL-6	NL-6	PRJEB109289	ERR16782087	2024	The Netherlands	Human	Human	Human	Faeces	-	10042	ST-828 complex	35	GyrA:p.T86I;tet(O/32/O);blaOXA-61;blaOXA-61 promotor:-57G>T;porA(35)	-	singleton_54	Human	Yes	singleton_54	No
NL-7	NL-7	PRJEB109289	ERR16782048	2024	The Netherlands	Human	Human	Human	Faeces	-	10042	ST-828 complex	35	GyrA:p.T86I;tet(O/32/O);blaOXA-61;blaOXA-61 promotor:-57G>T;porA(35)	-	cluster_27	Human	Yes	cluster_27	No
NL-8	NL-8	PRJEB109289	ERR16782060	2021	The Netherlands	Animal	Livestock	Cattle	Caecum	-	10042	ST-828 complex	35	GyrA:p.T86I;tet(O/32/O);blaOXA-61;blaOXA-61 promotor:-57G>T;porA(35)	-	cluster_16	Livestock	Yes	cluster_16	No
NL-9	NL-9	PRJEB109289	ERR16782071	2021	The Netherlands	Animal	Livestock	Poultry	Caecum	-	10042	ST-828 complex	35	GyrA:p.T86I;tet(O/32/O);blaOXA-61;blaOXA-61 promotor:-57G>T;porA(35)	-	singleton_18	Livestock	Yes	singleton_18	No
NL-10	NL-10	PRJEB109289	ERR16782034	2021	The Netherlands	Animal	Livestock	Cattle	Caecum	-	10042	ST-828 complex	35	GyrA:p.T86I;tet(O/32/O);blaOXA-61;blaOXA-61 promotor:-57G>T;porA(35)	-	cluster_21	Livestock	Yes	cluster_21	Yes
NL-11	NL-11	PRJEB109289	ERR16782019	2022	The Netherlands	Animal	Livestock	Poultry	Caecum	-	10042	ST-828 complex	35	GyrA:p.T86I;tet(O/32/O);blaOXA-61;blaOXA-61 promotor:-57G>T;porA(35)	-	singleton_42	Livestock	Yes	singleton_42	No
NL-12	NL-12	PRJEB109289	ERR16782012	2025	The Netherlands	Human	Human	Human	Faeces	-	10042	ST-828 complex	35	GyrA:p.T86I;tet(O/32/O);blaOXA-61;blaOXA-61 promotor:-57G>T;porA(35)	-	singleton_43	Human	Yes	singleton_43	No
UK-1	SAMPLE_OXC14106_S996	PRJEB62515	ERR12084409	2022	United Kingdom	Human	Human	Human	Faeces	-	10042	ST-828 complex	35	GyrA:p.T86I;tet(O/32/O);blaOXA-61;blaOXA-61 promotor:-57G>T;porA(35)	-	singleton_64	Human	Yes	singleton_64	No
UK-2	SAMPLE_OXC14135_S990	PRJEB62515	ERR12084432	2022	United Kingdom	Human	Human	Human	Faeces	-	10042	ST-828 complex	35	GyrA:p.T86I;tet(O/32/O);blaOXA-61;blaOXA-61 promotor:-57G>T;porA(35)	-	-	Human	No	-	No
UK-3	SAMPLE_OXC14276_S360	PRJEB62515	ERR12084487	2022	United Kingdom	Human	Human	Human	Faeces	-	10042	ST-828 complex	35	GyrA:p.T86I;tet(O/32/O);blaOXA-61;blaOXA-61 promotor:-57G>T;porA(35)	-	singleton_60	Human	Yes	singleton_60	No
UK-4	SAMPLE_PID-1903-OXC14965_S113	PRJEB62515	ERR13657389	2023	United Kingdom	Human	Human	Human	Faeces	-	10042	ST-828 complex	35	GyrA:p.T86I;tet(O/32/O);blaOXA-61;blaOXA-61 promotor:-57G>T;porA(35)	-	-	Human	No	-	No
UK-5	SAMPLE_PID-1903-OXC14886_S139	PRJEB62515	ERR13657415	2023	United Kingdom	Human	Human	Human	Faeces	-	10042	ST-828 complex	4735	GyrA:p.T86I;tet(O/32/O);23S_rRNA: c.2075A>G;blaOXA-61;blaOXA-61 promotor:-57G>T;porA(4735)	-	singleton_82	Human	Yes	singleton_82	No
UK-6	SAMPLE_PID-1903-OXC14975_S145	PRJEB62515	ERR13657421	2023	United Kingdom	Human	Human	Human	Faeces	-	10042	ST-828 complex	35	GyrA:p.T86I;tet(O/32/O);blaOXA-61;blaOXA-61 promotor:-57G>T;porA(35)	-	-	Human	No	-	No
UK-7	SAMPLE_OXC14725_S60	PRJEB62515	ERR12303515	2023	United Kingdom	Human	Human	Human	Faeces	-	10042	ST-828 complex	35	GyrA:p.T86I;tet(O/32/O);blaOXA-61;blaOXA-61 promotor:-57G>T;porA(35)	-	cluster_21	Human	Yes	cluster_21	Yes
