pubmlst_id	curated_town_or_city	curation_basis
164568	Lima	Project metadata; PubMLST town_or_city blank
164571	Lima	Project metadata; PubMLST town_or_city blank
164784	Lima	Project metadata; PubMLST town_or_city blank
164785	Lima	Project metadata; PubMLST town_or_city blank
164786	Lima	Project metadata; PubMLST town_or_city blank
164787	Lima	Project metadata; PubMLST town_or_city blank
164792	Lima	Project metadata; PubMLST town_or_city blank
164793	Lima	Project metadata; PubMLST town_or_city blank
164794	Lima	Project metadata; PubMLST town_or_city blank
164945	Lima	Project metadata; PubMLST town_or_city blank
164946	Lima	Project metadata; PubMLST town_or_city blank
